run_accession	experiment_accession	sample_accession	scientific_name	fastq_ftp	fastq_bytes	submitted_ftp	submitted_bytes
ERR10114848	ERX9651994	SAMEA5971616	Homo sapiens	ftp.sra.ebi.ac.uk/vol1/fastq/ERR101/048/ERR10114848/ERR10114848_1.fastq.gz;ftp.sra.ebi.ac.uk/vol1/fastq/ERR101/048/ERR10114848/ERR10114848_2.fastq.gz	341082828;346612693	ftp.sra.ebi.ac.uk/vol1/run/ERR101/ERR10114848/ECO002.C0102_1.fastq.gz;ftp.sra.ebi.ac.uk/vol1/run/ERR101/ERR10114848/ECO002.C0102_2.fastq.gz	315029745;320404842
ERR10114849	ERX9651995	SAMEA5971617	Homo sapiens	ftp.sra.ebi.ac.uk/vol1/fastq/ERR101/049/ERR10114849/ERR10114849_1.fastq.gz;ftp.sra.ebi.ac.uk/vol1/fastq/ERR101/049/ERR10114849/ERR10114849_2.fastq.gz	347836594;354173691	ftp.sra.ebi.ac.uk/vol1/run/ERR101/ERR10114849/ECO004.B0102_1.fastq.gz;ftp.sra.ebi.ac.uk/vol1/run/ERR101/ERR10114849/ECO004.B0102_2.fastq.gz	323027957;329143180
ERR10114850	ERX9651996	SAMEA5971620	Homo sapiens	ftp.sra.ebi.ac.uk/vol1/fastq/ERR101/050/ERR10114850/ERR10114850_1.fastq.gz;ftp.sra.ebi.ac.uk/vol1/fastq/ERR101/050/ERR10114850/ERR10114850_2.fastq.gz	349900744;354349106	ftp.sra.ebi.ac.uk/vol1/run/ERR101/ERR10114850/ECO010.B0102_1.fastq.gz;ftp.sra.ebi.ac.uk/vol1/run/ERR101/ERR10114850/ECO010.B0102_2.fastq.gz	323394164;327702918
ERR10114852	ERX9651998	SAMEA5971591	Homo sapiens neanderthalensis	ftp.sra.ebi.ac.uk/vol1/fastq/ERR101/052/ERR10114852/ERR10114852_1.fastq.gz;ftp.sra.ebi.ac.uk/vol1/fastq/ERR101/052/ERR10114852/ERR10114852_2.fastq.gz	66850059;68651713	ftp.sra.ebi.ac.uk/vol1/run/ERR101/ERR10114852/FUM002.A0102_1.fastq.gz;ftp.sra.ebi.ac.uk/vol1/run/ERR101/ERR10114852/FUM002.A0102_2.fastq.gz	59718285;61529948
ERR10114853	ERX9651999	SAMEA5971592	Homo sapiens neanderthalensis	ftp.sra.ebi.ac.uk/vol1/fastq/ERR101/053/ERR10114853/ERR10114853_1.fastq.gz;ftp.sra.ebi.ac.uk/vol1/fastq/ERR101/053/ERR10114853/ERR10114853_2.fastq.gz	206760292;211740245	ftp.sra.ebi.ac.uk/vol1/run/ERR101/ERR10114853/FUM003.A0102_1.fastq.gz;ftp.sra.ebi.ac.uk/vol1/run/ERR101/ERR10114853/FUM003.A0102_2.fastq.gz	184572184;189574885
ERR10114855	ERX9652001	SAMEA5971596	Homo sapiens neanderthalensis	ftp.sra.ebi.ac.uk/vol1/fastq/ERR101/055/ERR10114855/ERR10114855_1.fastq.gz;ftp.sra.ebi.ac.uk/vol1/fastq/ERR101/055/ERR10114855/ERR10114855_2.fastq.gz	243755261;251470979	ftp.sra.ebi.ac.uk/vol1/run/ERR101/ERR10114855/GOY006.A0102_1.fastq.gz;ftp.sra.ebi.ac.uk/vol1/run/ERR101/ERR10114855/GOY006.A0102_2.fastq.gz	218168222;225970413
ERR10114866	ERX9652012	SAMEA5971602	Homo sapiens neanderthalensis	ftp.sra.ebi.ac.uk/vol1/fastq/ERR101/066/ERR10114866/ERR10114866_1.fastq.gz;ftp.sra.ebi.ac.uk/vol1/fastq/ERR101/066/ERR10114866/ERR10114866_2.fastq.gz	48852354;49291269	ftp.sra.ebi.ac.uk/vol1/run/ERR101/ERR10114866/ZAF001.A0103_1.fastq.gz;ftp.sra.ebi.ac.uk/vol1/run/ERR101/ERR10114866/ZAF001.A0103_2.fastq.gz	43152400;43538531
ERR10114868	ERX9652014	SAMEA110744186	blank sample	ftp.sra.ebi.ac.uk/vol1/fastq/ERR101/068/ERR10114868/ERR10114868_1.fastq.gz;ftp.sra.ebi.ac.uk/vol1/fastq/ERR101/068/ERR10114868/ERR10114868_2.fastq.gz	18324480;19710152	ftp.sra.ebi.ac.uk/vol1/run/ERR101/ERR10114868/EXB021.A0102_1.fastq.gz;ftp.sra.ebi.ac.uk/vol1/run/ERR101/ERR10114868/EXB021.A0102_2.fastq.gz	17248767;18666241
ERR10114872	ERX9652018	SAMEA110744190	blank sample	ftp.sra.ebi.ac.uk/vol1/fastq/ERR101/072/ERR10114872/ERR10114872_1.fastq.gz;ftp.sra.ebi.ac.uk/vol1/fastq/ERR101/072/ERR10114872/ERR10114872_2.fastq.gz	20434597;20223481	ftp.sra.ebi.ac.uk/vol1/run/ERR101/ERR10114872/LIB002.A0115_1.fastq.gz;ftp.sra.ebi.ac.uk/vol1/run/ERR101/ERR10114872/LIB002.A0115_2.fastq.gz	17627569;17285712
ERR10114878	ERX9652024	SAMEA110744179	soil metagenome	ftp.sra.ebi.ac.uk/vol1/fastq/ERR101/078/ERR10114878/ERR10114878_1.fastq.gz;ftp.sra.ebi.ac.uk/vol1/fastq/ERR101/078/ERR10114878/ERR10114878_2.fastq.gz	1922680217;1949206117	ftp.sra.ebi.ac.uk/vol1/run/ERR101/ERR10114878/EMN002.A0101_1.fastq.gz;ftp.sra.ebi.ac.uk/vol1/run/ERR101/ERR10114878/EMN002.A0101_2.fastq.gz	1743728518;1771415072
ERR10114879	ERX9652025	SAMEA110744180	soil metagenome	ftp.sra.ebi.ac.uk/vol1/fastq/ERR101/079/ERR10114879/ERR10114879_1.fastq.gz;ftp.sra.ebi.ac.uk/vol1/fastq/ERR101/079/ERR10114879/ERR10114879_2.fastq.gz	2072335681;2086626903	ftp.sra.ebi.ac.uk/vol1/run/ERR101/ERR10114879/EMN003.A0101_1.fastq.gz;ftp.sra.ebi.ac.uk/vol1/run/ERR101/ERR10114879/EMN003.A0101_2.fastq.gz	1887131744;1902801822
ERR10114880	ERX9652026	SAMEA110744181	soil metagenome	ftp.sra.ebi.ac.uk/vol1/fastq/ERR101/080/ERR10114880/ERR10114880_1.fastq.gz;ftp.sra.ebi.ac.uk/vol1/fastq/ERR101/080/ERR10114880/ERR10114880_2.fastq.gz	1651257175;1667418929	ftp.sra.ebi.ac.uk/vol1/run/ERR101/ERR10114880/EMN004.A0101_1.fastq.gz;ftp.sra.ebi.ac.uk/vol1/run/ERR101/ERR10114880/EMN004.A0101_2.fastq.gz	1498670198;1516207545
ERR10114884	ERX9652030	SAMEA3913298	Homo sapiens	ftp.sra.ebi.ac.uk/vol1/fastq/ERR101/084/ERR10114884/ERR10114884_1.fastq.gz;ftp.sra.ebi.ac.uk/vol1/fastq/ERR101/084/ERR10114884/ERR10114884_2.fastq.gz	102214674;104155982	ftp.sra.ebi.ac.uk/vol1/run/ERR101/ERR10114884/ElMiron_A5268_1.fastq.gz;ftp.sra.ebi.ac.uk/vol1/run/ERR101/ERR10114884/ElMiron_A5268_2.fastq.gz	97606982;99611072
ERR10114845	ERX9651991	SAMEA5971596	Homo sapiens neanderthalensis	ftp.sra.ebi.ac.uk/vol1/fastq/ERR101/045/ERR10114845/ERR10114845.fastq.gz	1746262064	ftp.sra.ebi.ac.uk/vol1/run/ERR101/ERR10114845/GOY006.A0102.fastq.gz	1576890422
ERR10114846	ERX9651992	SAMEA5971598	Homo sapiens neanderthalensis	ftp.sra.ebi.ac.uk/vol1/fastq/ERR101/046/ERR10114846/ERR10114846.fastq.gz	1795153904	ftp.sra.ebi.ac.uk/vol1/run/ERR101/ERR10114846/PES001.B0102.fastq.gz	1634017188
ERR10114847	ERX9651993	SAMEA5971589	Homo sapiens neanderthalensis	ftp.sra.ebi.ac.uk/vol1/fastq/ERR101/047/ERR10114847/ERR10114847_1.fastq.gz;ftp.sra.ebi.ac.uk/vol1/fastq/ERR101/047/ERR10114847/ERR10114847_2.fastq.gz	130019574;135510138	ftp.sra.ebi.ac.uk/vol1/run/ERR101/ERR10114847/BAN001.A0102_1.fastq.gz;ftp.sra.ebi.ac.uk/vol1/run/ERR101/ERR10114847/BAN001.A0102_2.fastq.gz	115615047;121104685
ERR10114851	ERX9651997	SAMEA5971590	Homo sapiens neanderthalensis	ftp.sra.ebi.ac.uk/vol1/fastq/ERR101/051/ERR10114851/ERR10114851_1.fastq.gz;ftp.sra.ebi.ac.uk/vol1/fastq/ERR101/051/ERR10114851/ERR10114851_2.fastq.gz	47185952;48193158	ftp.sra.ebi.ac.uk/vol1/run/ERR101/ERR10114851/FUM001.A0102_1.fastq.gz;ftp.sra.ebi.ac.uk/vol1/run/ERR101/ERR10114851/FUM001.A0102_2.fastq.gz	41703928;42632027
ERR10114856	ERX9652002	SAMEA5971597	Homo sapiens neanderthalensis	ftp.sra.ebi.ac.uk/vol1/fastq/ERR101/056/ERR10114856/ERR10114856_1.fastq.gz;ftp.sra.ebi.ac.uk/vol1/fastq/ERR101/056/ERR10114856/ERR10114856_2.fastq.gz	48872416;49594684	ftp.sra.ebi.ac.uk/vol1/run/ERR101/ERR10114856/GUE001.A0102_1.fastq.gz;ftp.sra.ebi.ac.uk/vol1/run/ERR101/ERR10114856/GUE001.A0102_2.fastq.gz	42246658;42846836
ERR10114858	ERX9652004	SAMEA5971598	Homo sapiens neanderthalensis	ftp.sra.ebi.ac.uk/vol1/fastq/ERR101/058/ERR10114858/ERR10114858_1.fastq.gz;ftp.sra.ebi.ac.uk/vol1/fastq/ERR101/058/ERR10114858/ERR10114858_2.fastq.gz	117045698;122665491	ftp.sra.ebi.ac.uk/vol1/run/ERR101/ERR10114858/PES001.B0102_1.fastq.gz;ftp.sra.ebi.ac.uk/vol1/run/ERR101/ERR10114858/PES001.B0102_2.fastq.gz	105133155;110757010
ERR10114859	ERX9652005	SAMEA5971626	Homo sapiens	ftp.sra.ebi.ac.uk/vol1/fastq/ERR101/059/ERR10114859/ERR10114859_1.fastq.gz;ftp.sra.ebi.ac.uk/vol1/fastq/ERR101/059/ERR10114859/ERR10114859_2.fastq.gz	3360652798;3456958267	ftp.sra.ebi.ac.uk/vol1/run/ERR101/ERR10114859/PLV001.A0102_1.fastq.gz;ftp.sra.ebi.ac.uk/vol1/run/ERR101/ERR10114859/PLV001.A0102_2.fastq.gz	3114627737;3209975393
ERR10114862	ERX9652008	SAMEA5971600	Homo sapiens neanderthalensis	ftp.sra.ebi.ac.uk/vol1/fastq/ERR101/062/ERR10114862/ERR10114862_1.fastq.gz;ftp.sra.ebi.ac.uk/vol1/fastq/ERR101/062/ERR10114862/ERR10114862_2.fastq.gz	557679283;569616129	ftp.sra.ebi.ac.uk/vol1/run/ERR101/ERR10114862/SPM002.A0102_1.fastq.gz;ftp.sra.ebi.ac.uk/vol1/run/ERR101/ERR10114862/SPM002.A0102_2.fastq.gz	527276390;539123594
ERR10114863	ERX9652009	SAMEA5971600	Homo sapiens neanderthalensis	ftp.sra.ebi.ac.uk/vol1/fastq/ERR101/063/ERR10114863/ERR10114863_1.fastq.gz;ftp.sra.ebi.ac.uk/vol1/fastq/ERR101/063/ERR10114863/ERR10114863_2.fastq.gz	55139720;57367057	ftp.sra.ebi.ac.uk/vol1/run/ERR101/ERR10114863/SPM002.A0103_1.fastq.gz;ftp.sra.ebi.ac.uk/vol1/run/ERR101/ERR10114863/SPM002.A0103_2.fastq.gz	48793781;50973657
ERR10114865	ERX9652011	SAMEA5971602	Homo sapiens neanderthalensis	ftp.sra.ebi.ac.uk/vol1/fastq/ERR101/065/ERR10114865/ERR10114865_1.fastq.gz;ftp.sra.ebi.ac.uk/vol1/fastq/ERR101/065/ERR10114865/ERR10114865_2.fastq.gz	398424687;407961114	ftp.sra.ebi.ac.uk/vol1/run/ERR101/ERR10114865/ZAF001.A0102_1.fastq.gz;ftp.sra.ebi.ac.uk/vol1/run/ERR101/ERR10114865/ZAF001.A0102_2.fastq.gz	371440374;380883005
ERR10114869	ERX9652015	SAMEA110744187	blank sample	ftp.sra.ebi.ac.uk/vol1/fastq/ERR101/069/ERR10114869/ERR10114869_1.fastq.gz;ftp.sra.ebi.ac.uk/vol1/fastq/ERR101/069/ERR10114869/ERR10114869_2.fastq.gz	31811578;32366462	ftp.sra.ebi.ac.uk/vol1/run/ERR101/ERR10114869/EXB037.A3701_1.fastq.gz;ftp.sra.ebi.ac.uk/vol1/run/ERR101/ERR10114869/EXB037.A3701_2.fastq.gz	29828871;30400145
ERR10114870	ERX9652016	SAMEA110744188	blank sample	ftp.sra.ebi.ac.uk/vol1/fastq/ERR101/070/ERR10114870/ERR10114870_1.fastq.gz;ftp.sra.ebi.ac.uk/vol1/fastq/ERR101/070/ERR10114870/ERR10114870_2.fastq.gz	36468429;31869330	ftp.sra.ebi.ac.uk/vol1/run/ERR101/ERR10114870/LIB002.A0113_1.fastq.gz;ftp.sra.ebi.ac.uk/vol1/run/ERR101/ERR10114870/LIB002.A0113_2.fastq.gz	31492044;26790669
ERR10114871	ERX9652017	SAMEA110744189	blank sample	ftp.sra.ebi.ac.uk/vol1/fastq/ERR101/071/ERR10114871/ERR10114871_1.fastq.gz;ftp.sra.ebi.ac.uk/vol1/fastq/ERR101/071/ERR10114871/ERR10114871_2.fastq.gz	29250081;29157582	ftp.sra.ebi.ac.uk/vol1/run/ERR101/ERR10114871/LIB002.A0114_1.fastq.gz;ftp.sra.ebi.ac.uk/vol1/run/ERR101/ERR10114871/LIB002.A0114_2.fastq.gz	24839804;24568912
ERR10114873	ERX9652019	SAMEA110744191	blank sample	ftp.sra.ebi.ac.uk/vol1/fastq/ERR101/073/ERR10114873/ERR10114873_1.fastq.gz;ftp.sra.ebi.ac.uk/vol1/fastq/ERR101/073/ERR10114873/ERR10114873_2.fastq.gz	25432120;25434282	ftp.sra.ebi.ac.uk/vol1/run/ERR101/ERR10114873/LIB002.A0116_1.fastq.gz;ftp.sra.ebi.ac.uk/vol1/run/ERR101/ERR10114873/LIB002.A0116_2.fastq.gz	21657856;21530782
ERR10114881	ERX9652027	SAMEA110744182	soil metagenome	ftp.sra.ebi.ac.uk/vol1/fastq/ERR101/081/ERR10114881/ERR10114881_1.fastq.gz;ftp.sra.ebi.ac.uk/vol1/fastq/ERR101/081/ERR10114881/ERR10114881_2.fastq.gz	433517488;435997960	ftp.sra.ebi.ac.uk/vol1/run/ERR101/ERR10114881/EMN005.A0101_1.fastq.gz;ftp.sra.ebi.ac.uk/vol1/run/ERR101/ERR10114881/EMN005.A0101_2.fastq.gz	395065197;398002916
ERR10114885	ERX9652031	SAMEA3913298	Homo sapiens	ftp.sra.ebi.ac.uk/vol1/fastq/ERR101/085/ERR10114885/ERR10114885_1.fastq.gz;ftp.sra.ebi.ac.uk/vol1/fastq/ERR101/085/ERR10114885/ERR10114885_2.fastq.gz	142990143;147158714	ftp.sra.ebi.ac.uk/vol1/run/ERR101/ERR10114885/ElMiron_A5279_1.fastq.gz;ftp.sra.ebi.ac.uk/vol1/run/ERR101/ERR10114885/ElMiron_A5279_2.fastq.gz	137105105;141453026
ERR10114886	ERX9652032	SAMEA3913298	Homo sapiens	ftp.sra.ebi.ac.uk/vol1/fastq/ERR101/086/ERR10114886/ERR10114886_1.fastq.gz;ftp.sra.ebi.ac.uk/vol1/fastq/ERR101/086/ERR10114886/ERR10114886_2.fastq.gz	186198079;189911857	ftp.sra.ebi.ac.uk/vol1/run/ERR101/ERR10114886/ElMiron_A5301_1.fastq.gz;ftp.sra.ebi.ac.uk/vol1/run/ERR101/ERR10114886/ElMiron_A5301_2.fastq.gz	177916427;181739634
ERR14129329	ERX13531995	SAMEA5971593	Homo sapiens neanderthalensis	ftp.sra.ebi.ac.uk/vol1/fastq/ERR141/029/ERR14129329/ERR14129329_1.fastq.gz;ftp.sra.ebi.ac.uk/vol1/fastq/ERR141/029/ERR14129329/ERR14129329_2.fastq.gz	78555986;75286477	ftp.sra.ebi.ac.uk/vol1/run/ERR141/ERR14129329/GDN001.A0102_PE50_1.fastq.gz;ftp.sra.ebi.ac.uk/vol1/run/ERR141/ERR14129329/GDN001.A0102_PE50_2.fastq.gz	89210865;92351264
ERR10114844	ERX9651990	SAMEA5971591	Homo sapiens neanderthalensis	ftp.sra.ebi.ac.uk/vol1/fastq/ERR101/044/ERR10114844/ERR10114844.fastq.gz	1669493600	ftp.sra.ebi.ac.uk/vol1/run/ERR101/ERR10114844/FUM002.A0102.fastq.gz	1508641802
ERR10114854	ERX9652000	SAMEA5971595	Homo sapiens neanderthalensis	ftp.sra.ebi.ac.uk/vol1/fastq/ERR101/054/ERR10114854/ERR10114854_1.fastq.gz;ftp.sra.ebi.ac.uk/vol1/fastq/ERR101/054/ERR10114854/ERR10114854_2.fastq.gz	159674249;162786344	ftp.sra.ebi.ac.uk/vol1/run/ERR101/ERR10114854/GOY005.A0103_1.fastq.gz;ftp.sra.ebi.ac.uk/vol1/run/ERR101/ERR10114854/GOY005.A0103_2.fastq.gz	141813236;144943557
ERR10114857	ERX9652003	SAMEA5971625	Homo sapiens	ftp.sra.ebi.ac.uk/vol1/fastq/ERR101/057/ERR10114857/ERR10114857_1.fastq.gz;ftp.sra.ebi.ac.uk/vol1/fastq/ERR101/057/ERR10114857/ERR10114857_2.fastq.gz	4303836274;4416774292	ftp.sra.ebi.ac.uk/vol1/run/ERR101/ERR10114857/OFN001.A0102_1.fastq.gz;ftp.sra.ebi.ac.uk/vol1/run/ERR101/ERR10114857/OFN001.A0102_2.fastq.gz	3968799396;4080036686
ERR10114860	ERX9652006	SAMEA5971627	Homo sapiens	ftp.sra.ebi.ac.uk/vol1/fastq/ERR101/060/ERR10114860/ERR10114860_1.fastq.gz;ftp.sra.ebi.ac.uk/vol1/fastq/ERR101/060/ERR10114860/ERR10114860_2.fastq.gz	3040102609;3135803560	ftp.sra.ebi.ac.uk/vol1/run/ERR101/ERR10114860/RIG001.A0102_1.fastq.gz;ftp.sra.ebi.ac.uk/vol1/run/ERR101/ERR10114860/RIG001.A0102_2.fastq.gz	2796791333;2891373992
ERR10114861	ERX9652007	SAMEA5971599	Homo sapiens neanderthalensis	ftp.sra.ebi.ac.uk/vol1/fastq/ERR101/061/ERR10114861/ERR10114861_1.fastq.gz;ftp.sra.ebi.ac.uk/vol1/fastq/ERR101/061/ERR10114861/ERR10114861_2.fastq.gz	35365445;36069916	ftp.sra.ebi.ac.uk/vol1/run/ERR101/ERR10114861/SPM001.A0102_1.fastq.gz;ftp.sra.ebi.ac.uk/vol1/run/ERR101/ERR10114861/SPM001.A0102_2.fastq.gz	30156032;30671030
ERR10114864	ERX9652010	SAMEA5971601	Homo sapiens neanderthalensis	ftp.sra.ebi.ac.uk/vol1/fastq/ERR101/064/ERR10114864/ERR10114864_1.fastq.gz;ftp.sra.ebi.ac.uk/vol1/fastq/ERR101/064/ERR10114864/ERR10114864_2.fastq.gz	92186390;95208396	ftp.sra.ebi.ac.uk/vol1/run/ERR101/ERR10114864/VLD001.A0102_1.fastq.gz;ftp.sra.ebi.ac.uk/vol1/run/ERR101/ERR10114864/VLD001.A0102_2.fastq.gz	81738436;84751073
ERR10114867	ERX9652013	SAMEA110744185	blank sample	ftp.sra.ebi.ac.uk/vol1/fastq/ERR101/067/ERR10114867/ERR10114867_1.fastq.gz;ftp.sra.ebi.ac.uk/vol1/fastq/ERR101/067/ERR10114867/ERR10114867_2.fastq.gz	14798699;15848835	ftp.sra.ebi.ac.uk/vol1/run/ERR101/ERR10114867/EXB020.A0102_1.fastq.gz;ftp.sra.ebi.ac.uk/vol1/run/ERR101/ERR10114867/EXB020.A0102_2.fastq.gz	13924147;14997639
ERR10114874	ERX9652020	SAMEA14099738	blank sample	ftp.sra.ebi.ac.uk/vol1/fastq/ERR101/074/ERR10114874/ERR10114874_1.fastq.gz;ftp.sra.ebi.ac.uk/vol1/fastq/ERR101/074/ERR10114874/ERR10114874_2.fastq.gz	19081757;19944937	ftp.sra.ebi.ac.uk/vol1/run/ERR101/ERR10114874/LIB007.A0125_1.fastq.gz;ftp.sra.ebi.ac.uk/vol1/run/ERR101/ERR10114874/LIB007.A0125_2.fastq.gz	17605484;18466644
ERR10114875	ERX9652021	SAMEA110744192	blank sample	ftp.sra.ebi.ac.uk/vol1/fastq/ERR101/075/ERR10114875/ERR10114875_1.fastq.gz;ftp.sra.ebi.ac.uk/vol1/fastq/ERR101/075/ERR10114875/ERR10114875_2.fastq.gz	21785198;23603781	ftp.sra.ebi.ac.uk/vol1/run/ERR101/ERR10114875/LIB007.A0127_1.fastq.gz;ftp.sra.ebi.ac.uk/vol1/run/ERR101/ERR10114875/LIB007.A0127_2.fastq.gz	20186476;22035734
ERR10114876	ERX9652022	SAMEA110744193	blank sample	ftp.sra.ebi.ac.uk/vol1/fastq/ERR101/076/ERR10114876/ERR10114876_1.fastq.gz;ftp.sra.ebi.ac.uk/vol1/fastq/ERR101/076/ERR10114876/ERR10114876_2.fastq.gz	35221349;36092174	ftp.sra.ebi.ac.uk/vol1/run/ERR101/ERR10114876/LIB007.A0151_1.fastq.gz;ftp.sra.ebi.ac.uk/vol1/run/ERR101/ERR10114876/LIB007.A0151_2.fastq.gz	33245977;34169470
ERR10114877	ERX9652023	SAMEA110744194	blank sample	ftp.sra.ebi.ac.uk/vol1/fastq/ERR101/077/ERR10114877/ERR10114877_1.fastq.gz;ftp.sra.ebi.ac.uk/vol1/fastq/ERR101/077/ERR10114877/ERR10114877_2.fastq.gz	7701833;7169255	ftp.sra.ebi.ac.uk/vol1/run/ERR101/ERR10114877/LIB030.A0121_1.fastq.gz;ftp.sra.ebi.ac.uk/vol1/run/ERR101/ERR10114877/LIB030.A0121_2.fastq.gz	7054761;6550552
ERR10114882	ERX9652028	SAMEA110744183	soil metagenome	ftp.sra.ebi.ac.uk/vol1/fastq/ERR101/082/ERR10114882/ERR10114882_1.fastq.gz;ftp.sra.ebi.ac.uk/vol1/fastq/ERR101/082/ERR10114882/ERR10114882_2.fastq.gz	1741072981;1773597594	ftp.sra.ebi.ac.uk/vol1/run/ERR101/ERR10114882/EMN007.A0101_1.fastq.gz;ftp.sra.ebi.ac.uk/vol1/run/ERR101/ERR10114882/EMN007.A0101_2.fastq.gz	1584177928;1618589363
ERR10114883	ERX9652029	SAMEA110744184	soil metagenome	ftp.sra.ebi.ac.uk/vol1/fastq/ERR101/083/ERR10114883/ERR10114883_1.fastq.gz;ftp.sra.ebi.ac.uk/vol1/fastq/ERR101/083/ERR10114883/ERR10114883_2.fastq.gz	2015202297;2025835621	ftp.sra.ebi.ac.uk/vol1/run/ERR101/ERR10114883/EMN008.A0101_1.fastq.gz;ftp.sra.ebi.ac.uk/vol1/run/ERR101/ERR10114883/EMN008.A0101_2.fastq.gz	1831783673;1843570481
ERR14129330	ERX13531996	SAMEA5971594	Homo sapiens neanderthalensis	ftp.sra.ebi.ac.uk/vol1/fastq/ERR141/030/ERR14129330/ERR14129330_1.fastq.gz;ftp.sra.ebi.ac.uk/vol1/fastq/ERR141/030/ERR14129330/ERR14129330_2.fastq.gz	85412942;88283544	ftp.sra.ebi.ac.uk/vol1/run/ERR141/ERR14129330/GDN001.B0102_PE50_1.fastq.gz;ftp.sra.ebi.ac.uk/vol1/run/ERR141/ERR14129330/GDN001.B0102_PE50_2.fastq.gz	100043530;102847453
ERR14129332	ERX13531998	SAMEA5971593	Homo sapiens neanderthalensis	ftp.sra.ebi.ac.uk/vol1/fastq/ERR141/032/ERR14129332/ERR14129332.fastq.gz	834133312	ftp.sra.ebi.ac.uk/vol1/run/ERR141/ERR14129332/GDN001.A0102_SE75_0.fastq.gz	849077129
