amino_acid,count,frequency
A,8,0.06349206349206349
C,1,0.007936507936507936
D,4,0.031746031746031744
E,5,0.03968253968253968
F,11,0.0873015873015873
G,7,0.05555555555555555
H,1,0.007936507936507936
I,11,0.0873015873015873
K,15,0.11904761904761904
L,14,0.1111111111111111
M,2,0.015873015873015872
N,3,0.023809523809523808
P,4,0.031746031746031744
Q,5,0.03968253968253968
R,9,0.07142857142857142
S,9,0.07142857142857142
T,4,0.031746031746031744
V,8,0.06349206349206349
W,3,0.023809523809523808
Y,2,0.015873015873015872
